Species,Site,Length,Status,River,
F. askewi,1,59.4,Live,Sabine,
F. askewi,1,16.1,Live,Sabine,
F. askewi,1,39.65,Live,Sabine,
F. askewi,1,70,Live,Sabine,
F. askewi,1,55,Live,Sabine,
F. askewi,1,55.9,Live,Sabine,
F. askewi,1,70,Live,Sabine,
F. askewi,1,65.5,Live,Sabine,
F. askewi,1,66.6,Live,Sabine,
F. askewi,1,30.1,Live,Sabine,
F. askewi,1,37.1,Live,Sabine,
F. askewi,1,64.4,Live,Sabine,
F. askewi,1,69.15,Live,Sabine,
F. askewi,1,53.8,Live,Sabine,
F. askewi,1,70.9,Live,Sabine,
F. askewi,1,42,Live,Sabine,
F. askewi,1,55.5,Live,Sabine,
F. askewi,1,71.1,Live,Sabine,
F. askewi,1,67.2,Live,Sabine,
F. askewi,1,47.2,Live,Sabine,
F. askewi,1,66,Live,Sabine,
F. askewi,1,61.1,Live,Sabine,
F. askewi,1,41.1,Live,Sabine,
F. askewi,1,39,Live,Sabine,
F. askewi,1,37,Live,Sabine,
F. askewi,1,44,Live,Sabine,
F. askewi,1,60.2,Live,Sabine,
F. askewi,1,60,Live,Sabine,
F. askewi,1,69.4,Live,Sabine,
F. askewi,1,61.2,Live,Sabine,
F. askewi,1,62.3,Live,Sabine,
F. askewi,1,63.3,Live,Sabine,
F. askewi,1,61.1,Live,Sabine,
F. askewi,1,61.2,Live,Sabine,
F. askewi,1,54,Live,Sabine,
F. askewi,1,61.1,Live,Sabine,
F. askewi,1,57.3,Live,Sabine,
F. askewi,1,54.3,Live,Sabine,
F. askewi,1,43.3,Live,Sabine,
F. askewi,1,59.4,Live,Sabine,
F. askewi,1,43.3,Live,Sabine,
F. askewi,1,64.4,Live,Sabine,
F. askewi,1,58.9,Live,Sabine,
F. askewi,1,62.3,Live,Sabine,
F. askewi,1,70.2,Live,Sabine,
F. askewi,1,42.2,Live,Sabine,
F. askewi,1,46.2,Live,Sabine,
F. askewi,1,57.3,Live,Sabine,
F. askewi,1,39.4,Live,Sabine,
F. askewi,1,42.2,Live,Sabine,
F. askewi,1,67.2,Live,Sabine,
F. askewi,1,31.1,Live,Sabine,
F. askewi,1,26.2,Live,Sabine,
F. askewi,1,46.1,Live,Sabine,
F. askewi,1,65,Live,Sabine,
F. askewi,1,45.5,Live,Sabine,
F. askewi,1,42.45,Live,Sabine,
F. askewi,1,57.2,Live,Sabine,
F. askewi,1,40.1,Live,Sabine,
F. askewi,1,44,Live,Sabine,
F. askewi,1,65,Live,Sabine,
F. askewi,1,30,Live,Sabine,
F. askewi,1,49.4,Live,Sabine,
F. askewi,1,53.3,Live,Sabine,
F. askewi,1,47.7,Live,Sabine,
F. askewi,1,85.75,Live,Sabine,
F. askewi,1,63.8,Live,Sabine,
F. askewi,1,48.4,Live,Sabine,
F. askewi,1,52.3,Live,Sabine,
F. askewi,1,43.1,Live,Sabine,
F. askewi,1,60,Live,Sabine,
F. askewi,1,55.1,Live,Sabine,
F. askewi,1,54,Live,Sabine,
F. askewi,1,44,Live,Sabine,
F. askewi,1,57.2,Live,Sabine,
F. askewi,1,42,Live,Sabine,
F. askewi,1,45.5,Live,Sabine,
F. askewi,1,65.3,Live,Sabine,
F. askewi,1,59.4,Live,Sabine,
F. askewi,1,62.05,Live,Sabine,
F. askewi,1,49.4,Live,Sabine,
F. askewi,1,49.4,Live,Sabine,
F. askewi,1,46.7,Live,Sabine,
F. askewi,1,60.2,Live,Sabine,
F. askewi,1,58.2,Live,Sabine,
F. askewi,1,56.2,Live,Sabine,
F. askewi,1,48.2,Live,Sabine,
F. askewi,1,58.4,Live,Sabine,
F. askewi,1,58.4,Live,Sabine,
F. askewi,1,54,Live,Sabine,
F. askewi,1,46,Live,Sabine,
F. askewi,1,38.8,Live,Sabine,
F. askewi,1,64,Live,Sabine,
F. askewi,1,53.4,Live,Sabine,
F. askewi,1,59,Live,Sabine,
F. askewi,1,49.4,Live,Sabine,
F. askewi,1,18.4,Live,Sabine,
F. askewi,1,52.05,Live,Sabine,
F. askewi,1,27.7,Live,Sabine,
F. askewi,1,57.8,Live,Sabine,
F. askewi,1,65.25,Live,Sabine,
F. askewi,1,44.25,Live,Sabine,
F. askewi,1,53.3,Live,Sabine,
F. askewi,1,63.55,Live,Sabine,
F. askewi,1,48.8,Live,Sabine,
F. askewi,1,62.2,Live,Sabine,
F. askewi,1,52.2,Live,Sabine,
F. askewi,1,36.1,Live,Sabine,
F. askewi,1,43.8,Live,Sabine,
F. askewi,1,45.5,Live,Sabine,
F. askewi,1,64.5,Live,Sabine,
F. askewi,1,65.5,Live,Sabine,
F. askewi,1,60,Live,Sabine,
F. askewi,1,46.6,Live,Sabine,
F. askewi,1,44.8,Live,Sabine,
F. askewi,1,50.65,Live,Sabine,
F. askewi,1,51.2,Live,Sabine,
F. askewi,1,63.3,Live,Sabine,
F. askewi,1,60.4,Live,Sabine,
F. askewi,1,36.1,Live,Sabine,
F. askewi,1,55.1,Live,Sabine,
F. askewi,1,57.2,Live,Sabine,
F. askewi,1,50.7,Live,Sabine,
F. askewi,1,60.9,Live,Sabine,
F. askewi,1,62.2,Live,Sabine,
F. askewi,1,21.7,Live,Sabine,
F. askewi,1,48.3,Live,Sabine,
F. askewi,1,49.4,Live,Sabine,
F. askewi,1,46.8,Live,Sabine,
F. askewi,1,44.8,Live,Sabine,
F. askewi,1,48.7,Live,Sabine,
F. askewi,1,70.9,Live,Sabine,
F. askewi,1,69.4,Live,Sabine,
F. askewi,1,49.4,Live,Sabine,
F. askewi,1,39.8,Live,Sabine,
F. askewi,1,65.9,Live,Sabine,
F. askewi,1,62.7,Live,Sabine,
F. askewi,1,59.4,Live,Sabine,
F. askewi,1,57.7,Live,Sabine,
F. askewi,1,29.8,Live,Sabine,
F. askewi,1,72.2,Live,Sabine,
F. askewi,1,68,Live,Sabine,
F. askewi,1,65,Live,Sabine,
F. askewi,1,55.2,Live,Sabine,
F. askewi,1,51.1,Live,Sabine,
F. askewi,1,49.4,Live,Sabine,
F. askewi,1,72.3,Live,Sabine,
F. askewi,1,65.2,Live,Sabine,
F. askewi,1,68.7,Live,Sabine,
F. askewi,1,63.7,Live,Sabine,
F. askewi,1,58.7,Live,Sabine,
F. askewi,1,46.1,Live,Sabine,
F. askewi,1,61.1,Live,Sabine,
F. askewi,1,72.6,Live,Sabine,
F. askewi,1,55.8,Live,Sabine,
F. askewi,1,66.7,Live,Sabine,
F. askewi,1,69.4,Live,Sabine,
F. askewi,1,67.2,Live,Sabine,
F. askewi,1,55.9,Live,Sabine,
F. askewi,1,44.8,Live,Sabine,
F. askewi,1,51.1,Live,Sabine,
F. askewi,1,71.5,Live,Sabine,
F. askewi,1,57.1,Live,Sabine,
F. askewi,1,74.4,Live,Sabine,
F. askewi,1,61.1,Live,Sabine,
F. askewi,1,59.1,Live,Sabine,
F. askewi,1,66.4,Live,Sabine,
F. askewi,1,58.1,Live,Sabine,
F. askewi,1,58.3,Live,Sabine,
F. askewi,1,54.2,Live,Sabine,
F. askewi,1,49.4,Live,Sabine,
F. askewi,1,70,Live,Sabine,
F. askewi,1,48.3,Live,Sabine,
F. askewi,1,45.4,Live,Sabine,
F. askewi,1,64.8,Live,Sabine,
F. askewi,1,67.2,Live,Sabine,
F. askewi,1,66.1,Live,Sabine,
F. askewi,1,47.1,Live,Sabine,
F. askewi,1,57.7,Live,Sabine,
F. askewi,1,50.2,Live,Sabine,
F. askewi,1,77.6,Live,Sabine,
F. askewi,1,57.6,Live,Sabine,
F. askewi,1,49.1,Live,Sabine,
F. askewi,1,54.4,Live,Sabine,
F. askewi,1,60.7,Live,Sabine,
F. askewi,1,50.8,Live,Sabine,
F. askewi,1,54.2,Live,Sabine,
F. askewi,1,40.5,Live,Sabine,
F. askewi,1,70,Live,Sabine,
F. askewi,1,51.6,Live,Sabine,
F. askewi,1,61.6,Live,Sabine,
F. askewi,1,64.8,Live,Sabine,
F. askewi,1,63.3,Live,Sabine,
F. askewi,1,60.9,Live,Sabine,
F. askewi,1,54.4,Live,Sabine,
F. askewi,1,48.3,Live,Sabine,
F. askewi,1,56,Live,Sabine,
F. askewi,1,65.4,Live,Sabine,
F. askewi,1,72.6,Live,Sabine,
F. askewi,1,63.3,Live,Sabine,
F. askewi,1,59.4,Live,Sabine,
F. askewi,1,53.3,Live,Sabine,
F. askewi,1,69.9,Live,Sabine,
F. askewi,1,58.9,Live,Sabine,
F. askewi,1,49.7,Live,Sabine,
F. askewi,1,47.8,Live,Sabine,
F. askewi,1,61.1,Live,Sabine,
F. askewi,1,52.6,Live,Sabine,
F. askewi,1,62.2,Live,Sabine,
F. askewi,1,67.2,Live,Sabine,
F. askewi,1,63.3,Live,Sabine,
F. askewi,1,51.6,Live,Sabine,
F. askewi,1,71.6,Live,Sabine,
F. askewi,1,59.8,Live,Sabine,
F. askewi,1,65.9,Live,Sabine,
F. askewi,1,48.3,Live,Sabine,
F. askewi,1,65.5,Live,Sabine,
F. askewi,1,55.9,Live,Sabine,
F. askewi,1,48.3,Live,Sabine,
F. askewi,1,64.8,Live,Sabine,
F. askewi,1,50.9,Live,Sabine,
F. askewi,1,55.7,Live,Sabine,
F. askewi,1,72.6,Live,Sabine,
F. askewi,1,48.7,Live,Sabine,
F. askewi,1,46.1,Live,Sabine,
F. askewi,1,64.1,Live,Sabine,
F. askewi,1,40.5,Live,Sabine,
F. askewi,1,70.9,Live,Sabine,
F. askewi,1,71.1,Live,Sabine,
F. askewi,1,34.8,Live,Sabine,
F. askewi,1,54.3,Live,Sabine,
F. askewi,1,61,Live,Sabine,
F. askewi,1,49.4,Live,Sabine,
F. askewi,1,53.3,Live,Sabine,
F. askewi,1,57.2,Live,Sabine,
F. askewi,1,64.4,Live,Sabine,
F. askewi,1,48.7,Live,Sabine,
F. askewi,1,56.6,Live,Sabine,
F. askewi,1,61.3,Live,Sabine,
F. askewi,1,68,Live,Sabine,
F. askewi,1,55.2,Live,Sabine,
F. askewi,1,68.9,Live,Sabine,
F. askewi,1,50.9,Live,Sabine,
F. askewi,1,38.2,Live,Sabine,
F. askewi,1,69.8,Live,Sabine,
F. askewi,1,65.9,Live,Sabine,
F. askewi,1,53.3,Live,Sabine,
F. askewi,1,57.7,Live,Sabine,
F. askewi,2,5.6,Live,Sabine,
F. askewi,2,17.9,Live,Sabine,
F. askewi,2,21.6,Live,Sabine,
F. askewi,2,8.3,Live,Sabine,
F. askewi,2,6.7,Live,Sabine,
F. askewi,2,8.8,Live,Sabine,
F. askewi,2,14.3,Live,Sabine,
F. askewi,2,41.6,Live,Sabine,
F. askewi,2,66.85,Live,Sabine,
F. askewi,2,30.3,Live,Sabine,
F. askewi,2,31.6,Live,Sabine,
F. askewi,2,28.4,Live,Sabine,
F. askewi,2,47.2,Live,Sabine,
F. askewi,2,70.5,Live,Sabine,
F. askewi,2,80.5,Live,Sabine,
F. askewi,2,70.4,Live,Sabine,
F. askewi,2,50.1,Live,Sabine,
F. askewi,2,29.4,Live,Sabine,
F. askewi,2,42.7,Live,Sabine,
F. askewi,2,56.4,Live,Sabine,
F. askewi,2,62.4,Live,Sabine,
F. askewi,2,43.8,Live,Sabine,
F. askewi,2,42.75,Live,Sabine,
F. askewi,2,31.6,Live,Sabine,
F. askewi,2,67.7,Live,Sabine,
F. askewi,2,37.7,Live,Sabine,
F. askewi,2,30.8,Live,Sabine,
F. askewi,2,67.2,Live,Sabine,
F. askewi,2,16.2,Live,Sabine,
F. askewi,2,14.6,Live,Sabine,
F. askewi,2,14.6,Live,Sabine,
F. askewi,2,38.8,Live,Sabine,
F. askewi,2,26.8,Live,Sabine,
F. askewi,2,32.2,Live,Sabine,
F. askewi,2,35.5,Live,Sabine,
F. askewi,2,26.6,Live,Sabine,
F. askewi,2,27.7,Live,Sabine,
F. askewi,2,39.4,Live,Sabine,
F. askewi,2,54.4,Live,Sabine,
F. askewi,2,53.8,Live,Sabine,
F. askewi,2,67.2,Live,Sabine,
F. askewi,2,50.5,Live,Sabine,
F. askewi,2,42.5,Live,Sabine,
F. askewi,2,44.6,Live,Sabine,
F. askewi,2,50.7,Live,Sabine,
F. askewi,2,60.8,Live,Sabine,
F. askewi,2,70.6,Live,Sabine,
F. askewi,2,55.8,Live,Sabine,
F. askewi,2,65.5,Live,Sabine,
F. askewi,2,41.6,Live,Sabine,
F. askewi,2,42.3,Live,Sabine,
F. askewi,2,37.2,Live,Sabine,
F. askewi,2,41.8,Live,Sabine,
F. askewi,2,42.3,Live,Sabine,
F. askewi,2,39.4,Live,Sabine,
F. askewi,2,44.8,Live,Sabine,
F. askewi,2,24,Live,Sabine,
F. askewi,2,28.8,Live,Sabine,
F. askewi,2,36.4,Live,Sabine,
F. askewi,2,37.4,Live,Sabine,
F. askewi,2,23.4,Live,Sabine,
F. askewi,2,35.5,Live,Sabine,
F. askewi,2,24,Live,Sabine,
F. askewi,2,28.4,Live,Sabine,
F. askewi,2,28.7,Live,Sabine,
F. askewi,2,16.7,Live,Sabine,
F. askewi,2,28.4,Live,Sabine,
F. askewi,2,25,Live,Sabine,
F. askewi,2,24.9,Live,Sabine,
F. askewi,2,17.3,Live,Sabine,
F. askewi,2,21.6,Live,Sabine,
F. askewi,2,22.7,Live,Sabine,
F. askewi,2,20.2,Live,Sabine,
F. askewi,2,6.9,Live,Sabine,
F. askewi,2,17,Live,Sabine,
F. askewi,2,19.4,Live,Sabine,
F. askewi,2,24.5,Live,Sabine,
F. askewi,2,27.2,Live,Sabine,
F. askewi,2,45.7,Live,Sabine,
F. askewi,2,30.3,Live,Sabine,
F. askewi,2,50.9,Live,Sabine,
F. askewi,2,68.3,Live,Sabine,
F. askewi,2,14.6,Live,Sabine,
F. askewi,2,62.8,Live,Sabine,
F. askewi,2,56.1,Live,Sabine,
F. askewi,2,30.1,Live,Sabine,
F. askewi,2,67.7,Live,Sabine,
F. askewi,2,28.3,Live,Sabine,
F. askewi,2,32.4,Live,Sabine,
F. askewi,2,60.5,Live,Sabine,
F. askewi,2,61.7,Live,Sabine,
F. askewi,2,79.6,Live,Sabine,
F. askewi,2,90,Live,Sabine,
F. askewi,2,84.8,Live,Sabine,
F. askewi,2,77.5,Live,Sabine,
F. askewi,2,104.3,Live,Sabine,
F. askewi,2,72.4,Live,Sabine,
F. askewi,2,69.3,Live,Sabine,
F. askewi,2,59.7,Live,Sabine,
F. askewi,2,47.4,Live,Sabine,
F. askewi,2,56.3,Live,Sabine,
F. askewi,2,75.9,Live,Sabine,
F. askewi,2,47.9,Live,Sabine,
F. askewi,2,54.3,Live,Sabine,
F. askewi,2,75.4,Live,Sabine,
F. askewi,2,72.4,Live,Sabine,
F. askewi,2,73.4,Live,Sabine,
F. askewi,2,59,Live,Sabine,
F. askewi,2,68.8,Live,Sabine,
F. askewi,2,73.9,Live,Sabine,
F. askewi,2,74,Live,Sabine,
F. askewi,2,62.7,Live,Sabine,
F. askewi,2,70.3,Live,Sabine,
F. askewi,2,59.8,Live,Sabine,
F. askewi,2,84.3,Live,Sabine,
F. askewi,2,72.8,Live,Sabine,
F. askewi,2,81.5,Live,Sabine,
F. askewi,2,75.6,Live,Sabine,
F. askewi,2,79.2,Live,Sabine,
F. askewi,2,84.3,Live,Sabine,
F. askewi,2,72.8,Live,Sabine,
F. askewi,2,77.2,Live,Sabine,
F. askewi,2,53.3,Live,Sabine,
F. askewi,2,76.4,Live,Sabine,
F. askewi,2,81.2,Live,Sabine,
F. askewi,2,70.4,Live,Sabine,
F. askewi,2,73.2,Live,Sabine,
F. askewi,2,56.1,Live,Sabine,
F. askewi,2,67.4,Live,Sabine,
F. askewi,2,55.8,Live,Sabine,
F. askewi,2,68.5,Live,Sabine,
F. askewi,2,52.2,Live,Sabine,
F. askewi,2,63.6,Live,Sabine,
F. askewi,2,56.4,Live,Sabine,
F. askewi,2,74.93,Live,Sabine,
F. askewi,2,74.9,Live,Sabine,
F. askewi,2,72.3,Live,Sabine,
F. askewi,2,59.9,Live,Sabine,
F. askewi,2,64.3,Live,Sabine,
F. askewi,2,74.5,Live,Sabine,
F. askewi,2,68.1,Live,Sabine,
F. askewi,2,79.2,Live,Sabine,
F. askewi,2,45.8,Live,Sabine,
F. askewi,2,80.6,Live,Sabine,
F. askewi,2,84.8,Live,Sabine,
F. askewi,2,84,Live,Sabine,
F. askewi,2,51.7,Live,Sabine,
F. askewi,2,42.5,Live,Sabine,
F. askewi,2,75.1,Live,Sabine,
F. askewi,2,81.2,Live,Sabine,
F. askewi,2,70.4,Live,Sabine,
F. askewi,2,59.8,Live,Sabine,
F. askewi,2,45.6,Live,Sabine,
F. askewi,2,63.3,Live,Sabine,
F. askewi,3,78.4,Live,Sabine,
F. askewi,3,65.4,Live,Sabine,
F. askewi,3,61.6,Live,Sabine,
F. askewi,3,68.8,Live,Sabine,
F. askewi,3,68.8,Live,Sabine,
F. askewi,3,55.5,Live,Sabine,
F. askewi,3,65.4,Live,Sabine,
F. askewi,3,60.3,Live,Sabine,
F. askewi,3,66.7,Live,Sabine,
F. askewi,3,90.5,Live,Sabine,
F. askewi,3,69.9,Live,Sabine,
F. askewi,3,73.7,Live,Sabine,
F. askewi,3,82.6,Live,Sabine,
F. askewi,3,68.3,Live,Sabine,
F. askewi,3,70.6,Live,Sabine,
F. askewi,3,72.3,Live,Sabine,
F. askewi,3,47,Live,Sabine,
F. askewi,3,65.9,Live,Sabine,
F. askewi,3,49.1,Live,Sabine,
F. askewi,3,66.5,Live,Sabine,
F. askewi,3,62.8,Live,Sabine,
F. askewi,3,75.4,Live,Sabine,
F. askewi,3,66.4,Live,Sabine,
F. askewi,3,89.4,Live,Sabine,
F. askewi,3,55.5,Live,Sabine,
F. askewi,3,64.8,Live,Sabine,
F. askewi,3,68.7,Live,Sabine,
F. askewi,3,70.9,Live,Sabine,
F. askewi,3,61.6,Live,Sabine,
F. askewi,3,58.9,Live,Sabine,
F. askewi,3,85.5,Live,Sabine,
F. askewi,3,78.7,Live,Sabine,
F. askewi,3,90.9,Live,Sabine,
F. askewi,3,67.7,Live,Sabine,
F. askewi,3,65.9,Live,Sabine,
F. askewi,3,75.5,Live,Sabine,
F. askewi,3,48.3,Live,Sabine,
F. askewi,3,75.4,Live,Sabine,
F. askewi,3,73.3,Live,Sabine,
F. askewi,3,74.8,Live,Sabine,
F. askewi,3,65.5,Live,Sabine,
F. askewi,3,72.4,Live,Sabine,
F. askewi,3,69.8,Live,Sabine,
F. askewi,3,59.4,Live,Sabine,
F. askewi,3,76.7,Live,Sabine,
F. askewi,3,73.3,Live,Sabine,
F. askewi,3,59.8,Live,Sabine,
F. askewi,3,52.6,Live,Sabine,
F. askewi,3,65.5,Live,Sabine,
F. askewi,3,60,Live,Sabine,
F. askewi,3,67.6,Live,Sabine,
F. askewi,3,69.4,Live,Sabine,
F. askewi,3,80.5,Live,Sabine,
F. askewi,3,88.1,Live,Sabine,
F. askewi,3,67,Live,Sabine,
F. askewi,3,45.2,Live,Sabine,
F. askewi,3,69.1,Live,Sabine,
F. askewi,3,59.1,Live,Sabine,
F. askewi,3,35.9,Live,Sabine,
F. askewi,3,40.6,Live,Sabine,
F. askewi,3,57.8,Live,Sabine,
F. askewi,3,50.9,Live,Sabine,
F. askewi,3,76.7,Live,Sabine,
F. askewi,3,52.2,Live,Sabine,
F. askewi,3,84.8,Live,Sabine,
F. askewi,3,59.4,Live,Sabine,
F. askewi,3,83.3,Live,Sabine,
F. askewi,3,50.5,Live,Sabine,
F. askewi,3,47.4,Live,Sabine,
F. askewi,3,52.6,Live,Sabine,
F. askewi,3,66,Live,Sabine,
F. askewi,3,86,Live,Sabine,
F. askewi,3,45,Live,Sabine,
F. askewi,3,62.7,Live,Sabine,
F. askewi,3,70.9,Live,Sabine,
F. askewi,3,75.5,Live,Sabine,
F. askewi,3,80.9,Live,Sabine,
F. askewi,3,60.8,Live,Sabine,
F. askewi,3,52.2,Live,Sabine,
F. askewi,3,67.7,Live,Sabine,
F. askewi,3,63.3,Live,Sabine,
F. askewi,3,59.4,Live,Sabine,
F. askewi,3,29.8,Live,Sabine,
F. askewi,3,73.7,Live,Sabine,
F. askewi,3,24.3,Live,Sabine,
F. askewi,3,20.9,Live,Sabine,
F. askewi,3,16.5,Live,Sabine,
F. askewi,3,45.2,Live,Sabine,
F. askewi,3,45,Live,Sabine,
F. askewi,3,58.3,Live,Sabine,
F. askewi,3,61,Live,Sabine,
F. askewi,3,62.2,Live,Sabine,
F. askewi,3,69.1,Live,Sabine,
F. askewi,3,44.8,Live,Sabine,
F. askewi,3,50.5,Live,Sabine,
F. askewi,3,85.5,Live,Sabine,
F. askewi,3,82.6,Live,Sabine,
F. askewi,3,62.2,Live,Sabine,
F. askewi,3,60.3,Live,Sabine,
F. askewi,3,73.3,Live,Sabine,
F. askewi,3,75.5,Live,Sabine,
F. askewi,3,60.9,Live,Sabine,
F. askewi,3,85.2,Live,Sabine,
F. askewi,3,70.5,Live,Sabine,
F. askewi,3,67.4,Live,Sabine,
F. askewi,3,65.2,Live,Sabine,
F. askewi,3,65.2,Live,Sabine,
F. askewi,3,81.3,Live,Sabine,
F. askewi,3,72.2,Live,Sabine,
F. askewi,3,69.6,Live,Sabine,
F. askewi,3,80.8,Live,Sabine,
F. askewi,3,74.8,Live,Sabine,
F. askewi,3,62.2,Live,Sabine,
F. askewi,3,61.6,Live,Sabine,
F. askewi,3,77.4,Live,Sabine,
F. askewi,3,54.4,Live,Sabine,
F. askewi,3,73.3,Live,Sabine,
F. askewi,3,73.6,Live,Sabine,
F. askewi,3,84.2,Live,Sabine,
F. askewi,3,67.2,Live,Sabine,
F. askewi,3,80.5,Live,Sabine,
F. askewi,3,75.1,Live,Sabine,
F. askewi,3,65.8,Live,Sabine,
F. askewi,3,74.8,Live,Sabine,
P. riddellii,4,35,Live,Neches,
P. riddellii,4,25.5,Live,Neches,
P. riddellii,4,42.1,Live,Neches,
P. riddellii,4,37.45,Live,Neches,
P. riddellii,4,41.2,Live,Neches,
P. riddellii,4,35.5,Live,Neches,
P. riddellii,4,34,Live,Neches,
P. riddellii,4,35.4,Live,Neches,
P. riddellii,4,42.2,Live,Neches,
P. riddellii,4,32.05,Live,Neches,
P. riddellii,4,34.25,Live,Neches,
P. riddellii,4,53.3,Live,Neches,
P. riddellii,4,42.3,Live,Neches,
P. riddellii,4,31.6,Live,Neches,
P. riddellii,4,36.2,Live,Neches,
P. riddellii,4,22.7,Live,Neches,
P. riddellii,4,23.3,Live,Neches,
P. riddellii,4,21.6,Live,Neches,
P. riddellii,4,31.1,Live,Neches,
P. riddellii,4,27.8,Live,Neches,
P. riddellii,4,24.3,Live,Neches,
P. riddellii,4,27.2,Live,Neches,
P. riddellii,4,36.4,Live,Neches,
P. riddellii,4,25.4,Live,Neches,
P. riddellii,4,39.15,Live,Neches,
P. riddellii,4,28.1,Live,Neches,
P. riddellii,4,38.4,Live,Neches,
P. riddellii,4,30.8,Live,Neches,
P. riddellii,4,31.8,Live,Neches,
P. riddellii,4,36.2,Live,Neches,
P. riddellii,4,35.5,Live,Neches,
P. riddellii,4,34.9,Live,Neches,
P. riddellii,4,32.3,Live,Neches,
P. riddellii,4,27.7,Live,Neches,
P. riddellii,4,31.35,Live,Neches,
P. riddellii,4,35,Live,Neches,
P. riddellii,4,33.8,Live,Neches,
P. riddellii,4,36.1,Live,Neches,
P. riddellii,4,34,Live,Neches,
P. riddellii,4,33.8,Live,Neches,
P. riddellii,4,30.65,Live,Neches,
P. riddellii,4,36.4,Live,Neches,
P. riddellii,4,40.75,Live,Neches,
P. riddellii,4,46.65,Live,Neches,
P. riddellii,4,31.35,Live,Neches,
P. riddellii,4,36.2,Live,Neches,
P. riddellii,4,38.4,Live,Neches,
P. riddellii,4,39.4,Live,Neches,
P. riddellii,4,39.65,Live,Neches,
P. riddellii,4,36.6,Live,Neches,
P. riddellii,4,27.9,Live,Neches,
P. riddellii,4,29.4,Live,Neches,
P. riddellii,4,34.4,Live,Neches,
P. riddellii,4,44,Live,Neches,
P. riddellii,4,35.5,Live,Neches,
P. riddellii,4,36.6,Live,Neches,
P. riddellii,4,39.1,Live,Neches,
P. riddellii,4,25,Live,Neches,
P. riddellii,4,36.2,Live,Neches,
P. riddellii,4,36.6,Live,Neches,
P. riddellii,4,35,Live,Neches,
P. riddellii,4,33.3,Live,Neches,
P. riddellii,4,36.2,Live,Neches,
P. riddellii,4,36.2,Live,Neches,
P. riddellii,4,41.9,Live,Neches,
P. riddellii,4,46.4,Live,Neches,
P. riddellii,4,45.6,Live,Neches,
P. riddellii,4,42,Live,Neches,
P. riddellii,4,44.4,Live,Neches,
P. riddellii,4,41,Live,Neches,
P. riddellii,4,53,Live,Neches,
P. riddellii,4,42,Live,Neches,
P. riddellii,4,28.8,Live,Neches,
P. riddellii,4,36.3,Live,Neches,
P. riddellii,4,43.8,Live,Neches,
P. riddellii,4,42.2,Live,Neches,
P. riddellii,4,53.3,Live,Neches,
P. riddellii,4,43.4,Live,Neches,
P. riddellii,4,44.4,Live,Neches,
P. riddellii,4,43.7,Live,Neches,
P. riddellii,4,47.1,Live,Neches,
P. riddellii,4,41.2,Live,Neches,
P. riddellii,4,42.2,Live,Neches,
P. riddellii,4,45.5,Live,Neches,
P. riddellii,4,42,Live,Neches,
P. riddellii,4,51.7,Live,Neches,
P. riddellii,4,44.3,Live,Neches,
P. riddellii,4,35.1,Live,Neches,
P. riddellii,4,37.2,Live,Neches,
P. riddellii,4,44.4,Live,Neches,
P. riddellii,4,35.1,Live,Neches,
P. riddellii,4,36.9,Live,Neches,
P. riddellii,4,24,Live,Neches,
P. riddellii,4,47.7,Live,Neches,
P. riddellii,4,45,Live,Neches,
P. riddellii,4,37,Live,Neches,
P. riddellii,4,40.2,Live,Neches,
P. riddellii,4,43.9,Live,Neches,
P. riddellii,4,36,Live,Neches,
P. riddellii,4,34.5,Live,Neches,
P. riddellii,4,32.6,Live,Neches,
P. riddellii,4,48,Live,Neches,
P. riddellii,4,45.4,Live,Neches,
P. riddellii,4,38.7,Live,Neches,
P. riddellii,4,45.4,Live,Neches,
P. riddellii,4,51.6,Live,Neches,
P. riddellii,4,40.3,Live,Neches,
P. riddellii,4,40.7,Live,Neches,
P. riddellii,4,33,Live,Neches,
P. riddellii,4,40.3,Live,Neches,
P. riddellii,4,32.25,Live,Neches,
P. riddellii,4,11.6,Live,Neches,
P. riddellii,4,41,Live,Neches,
P. riddellii,4,52.3,Live,Neches,
P. riddellii,4,34.6,Live,Neches,
P. riddellii,4,51.7,Live,Neches,
P. riddellii,4,46.8,Live,Neches,
P. riddellii,4,41.3,Live,Neches,
P. riddellii,4,40.5,Live,Neches,
P. riddellii,4,40.6,Live,Neches,
P. riddellii,4,38.3,Live,Neches,
P. riddellii,4,33,Live,Neches,
P. riddellii,4,39.4,Live,Neches,
P. riddellii,4,41.4,Live,Neches,
P. riddellii,4,23.9,Live,Neches,
P. riddellii,4,32.8,Live,Neches,
P. riddellii,4,42.8,Live,Neches,
P. riddellii,4,42.2,Live,Neches,
P. riddellii,4,43,Live,Neches,
P. riddellii,4,38.9,Live,Neches,
P. riddellii,4,38.8,Live,Neches,
P. riddellii,4,41.7,Live,Neches,
P. riddellii,4,33.7,Live,Neches,
P. riddellii,4,41.4,Live,Neches,
P. riddellii,4,32,Live,Neches,
P. riddellii,5,39.5,Live,Neches,
P. riddellii,5,52.7,Live,Neches,
P. riddellii,5,39.4,Live,Neches,
P. riddellii,5,44.3,Live,Neches,
P. riddellii,5,49.85,Live,Neches,
P. riddellii,5,46.2,Live,Neches,
P. riddellii,5,39.4,Live,Neches,
P. riddellii,5,45.75,Live,Neches,
P. riddellii,5,43.8,Live,Neches,
P. riddellii,5,44.5,Live,Neches,
P. riddellii,5,39.4,Live,Neches,
P. riddellii,5,39.6,Live,Neches,
P. riddellii,5,46.2,Live,Neches,
P. riddellii,5,44.5,Live,Neches,
P. riddellii,5,43.8,Live,Neches,
P. riddellii,5,43.2,Live,Neches,
P. riddellii,5,47.2,Live,Neches,
P. riddellii,5,45.1,Live,Neches,
P. riddellii,5,53.3,Live,Neches,
P. riddellii,5,41.1,Live,Neches,
P. riddellii,5,36.2,Live,Neches,
P. riddellii,5,48.5,Live,Neches,
P. riddellii,5,45.25,Live,Neches,
P. riddellii,5,51.1,Live,Neches,
P. riddellii,5,44.6,Live,Neches,
P. riddellii,5,42.2,Live,Neches,
P. riddellii,5,45.25,Live,Neches,
P. riddellii,5,46.6,Live,Neches,
P. riddellii,5,47.2,Live,Neches,
P. riddellii,5,48,Live,Neches,
P. riddellii,5,42,Live,Neches,
P. riddellii,5,54,Live,Neches,
P. riddellii,5,55,Live,Neches,
P. riddellii,5,50,Live,Neches,
P. riddellii,5,40,Live,Neches,
P. riddellii,5,44,Live,Neches,
P. riddellii,5,45,Live,Neches,
P. riddellii,5,47,Live,Neches,
P. riddellii,5,40,Live,Neches,
P. riddellii,5,44.5,Live,Neches,
P. riddellii,5,42,Live,Neches,
P. riddellii,5,44,Live,Neches,
P. riddellii,5,33,Live,Neches,
P. riddellii,5,45,Live,Neches,
P. riddellii,5,49,Live,Neches,
P. riddellii,5,46,Live,Neches,
P. riddellii,5,42,Live,Neches,
P. riddellii,5,42,Live,Neches,
P. riddellii,5,51,Live,Neches,
P. riddellii,5,40,Live,Neches,
P. riddellii,5,41,Live,Neches,
P. riddellii,5,42,Live,Neches,
P. riddellii,5,45,Live,Neches,
P. riddellii,5,45,Live,Neches,
P. riddellii,5,51,Live,Neches,
P. riddellii,5,45,Live,Neches,
P. riddellii,5,43,Live,Neches,
P. riddellii,5,38,Live,Neches,
P. riddellii,5,44.4,Live,Neches,
P. riddellii,5,43.3,Live,Neches,
P. riddellii,5,51.6,Live,Neches,
P. riddellii,5,44.1,Live,Neches,
P. riddellii,5,46.5,Live,Neches,
P. riddellii,6,47,Live,Neches,
P. riddellii,6,50.4,Live,Neches,
P. riddellii,6,40.6,Live,Neches,
P. riddellii,6,63.3,Live,Neches,
P. riddellii,6,51.6,Live,Neches,
P. riddellii,6,54.8,Live,Neches,
P. riddellii,6,46.4,Live,Neches,
P. riddellii,6,43.7,Live,Neches,
P. riddellii,6,3,Live,Neches,
P. riddellii,6,50.5,Live,Neches,
P. riddellii,6,50.6,Live,Neches,
P. riddellii,6,50.4,Live,Neches,
P. riddellii,6,51.6,Live,Neches,
P. riddellii,6,49.4,Live,Neches,
P. riddellii,6,50,Live,Neches,
P. riddellii,6,50.9,Live,Neches,
P. riddellii,6,53.4,Live,Neches,
P. riddellii,6,55.4,Live,Neches,
P. riddellii,6,42.8,Live,Neches,
P. riddellii,6,56.5,Live,Neches,
P. riddellii,6,46.5,Live,Neches,
P. riddellii,6,45.4,Live,Neches,
P. riddellii,6,51.1,Live,Neches,
P. riddellii,6,45.9,Live,Neches,
P. riddellii,6,46.5,Live,Neches,
P. riddellii,6,45.9,Live,Neches,
P. riddellii,6,43.8,Live,Neches,
P. riddellii,6,50.9,Live,Neches,
P. riddellii,6,50.2,Live,Neches,
P. riddellii,6,46.5,Live,Neches,
P. riddellii,6,42.6,Live,Neches,
P. riddellii,6,50.5,Live,Neches,
P. riddellii,6,50.2,Live,Neches,
P. riddellii,6,46.5,Live,Neches,
P. riddellii,6,42.6,Live,Neches,
P. riddellii,6,53.3,Live,Neches,
P. riddellii,6,54.4,Live,Neches,
P. riddellii,6,51.8,Live,Neches,
P. riddellii,6,53.7,Live,Neches,
P. riddellii,6,38.7,Live,Neches,
P. riddellii,6,47.2,Live,Neches,
P. riddellii,6,50.9,Live,Neches,
P. riddellii,6,52.2,Live,Neches,
P. riddellii,6,52.2,Live,Neches,
P. riddellii,6,58.3,Live,Neches,
P. riddellii,6,57.4,Live,Neches,
P. riddellii,6,50.9,Live,Neches,
P. riddellii,6,52.6,Live,Neches,
P. riddellii,6,48.3,Live,Neches,
P. riddellii,6,41.5,Live,Neches,
P. riddellii,6,62.8,Live,Neches,
P. riddellii,6,41.1,Live,Neches,
P. riddellii,6,51.8,Live,Neches,
P. riddellii,6,47.3,Live,Neches,
P. riddellii,6,46.5,Live,Neches,
P. riddellii,6,39.8,Live,Neches,
P. riddellii,6,44.8,Live,Neches,
P. riddellii,6,49.8,Live,Neches,
P. riddellii,6,60.3,Live,Neches,
P. riddellii,6,63.7,Live,Neches,
P. riddellii,6,52.2,Live,Neches,
P. riddellii,6,58.9,Live,Neches,
P. riddellii,6,47.6,Live,Neches,
P. riddellii,6,47.5,Live,Neches,
P. riddellii,6,48.9,Live,Neches,
P. riddellii,6,37.2,Live,Neches,
P. riddellii,6,38.7,Live,Neches,
P. riddellii,6,54.8,Live,Neches,
P. riddellii,6,38,Live,Neches,
P. riddellii,6,43,Live,Neches,
P. riddellii,6,49.8,Live,Neches,
P. riddellii,6,45.8,Live,Neches,
P. riddellii,6,49.7,Live,Neches,
P. riddellii,6,57.8,Live,Neches,
P. riddellii,6,38.5,Live,Neches,
P. riddellii,6,55.1,Live,Neches,
P. riddellii,6,56.5,Live,Neches,
P. riddellii,6,43.3,Live,Neches,
P. riddellii,6,53.3,Live,Neches,
P. riddellii,6,50.5,Live,Neches,
P. riddellii,6,41.6,Live,Neches,
P. riddellii,6,54.8,Live,Neches,
F. lananensis,7,61.1,Live,Angelina,Triangle
P. riddellii,7,34.4,Live,Angelina,L Pigtoe
P. riddellii,7,36.2,Live,Angelina,L Pigtoe
F. askewi,7,36.7,Live,Angelina,
F. askewi,7,52.05,Live,Angelina,
F. askewi,7,46.85,Live,Angelina,
F. askewi,7,34.4,Live,Angelina,
F. askewi,7,50.1,Live,Angelina,
F. askewi,7,29.9,Live,Angelina,
F. askewi,7,46.85,Live,Angelina,
F. askewi,7,50,Live,Angelina,
F. askewi,7,40.7,Live,Angelina,
F. askewi,7,50,Live,Angelina,
F. askewi,7,40.5,Live,Angelina,
F. askewi,7,45,Live,Angelina,
F. askewi,7,51,Live,Angelina,
F. askewi,7,56.4,Live,Angelina,
F. askewi,7,34.4,Live,Angelina,
F. askewi,7,41.1,Live,Angelina,
F. askewi,7,38.4,Live,Angelina,
F. askewi,7,40.8,Live,Angelina,
F. askewi,7,45.7,Live,Angelina,
F. lananensis,7,57.8,Live,Angelina,
F. askewi,7,46.1,Live,Angelina,
F. askewi,7,49.1,Live,Angelina,
P. riddellii,7,33.8,Live,Angelina,
F. askewi,7,52.3,Live,Angelina,
F. askewi,7,45.9,Live,Angelina,
F. askewi,7,55.1,Live,Angelina,
P. riddellii,7,33.8,Live,Angelina,
F. askewi,7,52.3,Live,Angelina,
F. askewi,7,48.3,Live,Angelina,
F. askewi,7,33.5,Live,Angelina,
F. askewi,7,35.5,Live,Angelina,
F. askewi,7,39.9,Live,Angelina,
F. askewi,7,60.9,Live,Angelina,
F. askewi,7,51.6,Live,Angelina,
F. askewi,7,40.5,Live,Angelina,
F. askewi,7,48.4,Live,Angelina,
F. askewi,7,43,Live,Angelina,
F. askewi,7,48.8,Live,Angelina,
F. askewi,7,51.6,Live,Angelina,
F. askewi,7,44.9,Live,Angelina,
F. askewi,7,50.7,Live,Angelina,
F. askewi,7,69.9,Live,Angelina,
F. askewi,7,49.2,Live,Angelina,
F. askewi,7,37.3,Live,Angelina,
F. askewi,7,42.8,Live,Angelina,
F. askewi,7,49.2,Live,Angelina,
F. askewi,7,31.1,Live,Angelina,
F. askewi,7,38.7,Live,Angelina,
F. askewi,7,45.2,Live,Angelina,
F. askewi,7,62.2,Live,Angelina,
F. askewi,7,29.8,Live,Angelina,
F. askewi,7,63.3,Live,Angelina,
F. askewi,7,44.4,Live,Angelina,
F. askewi,7,35.6,Live,Angelina,
F. askewi,7,43.3,Live,Angelina,
F. askewi,7,27.2,Live,Angelina,
F. askewi,7,45.2,Live,Angelina,
F. askewi,7,42.6,Live,Angelina,
F. askewi,7,43.3,Live,Angelina,
F. askewi,7,44.4,Live,Angelina,
F. askewi,7,43.7,Live,Angelina,
F. askewi,7,44.8,Live,Angelina,
F. askewi,7,42.3,Live,Angelina,
F. askewi,7,51,Live,Angelina,
F. askewi,7,53.9,Live,Angelina,
P. riddellii,7,42.2,Live,Angelina,
P. riddellii,7,32.2,Live,Angelina,
F. askewi,7,53.8,Live,Angelina,
F. askewi,7,39.8,Live,Angelina,
F. askewi,7,38.7,Live,Angelina,
F. askewi,7,45.8,Live,Angelina,
F. askewi,7,43.9,Live,Angelina,
F. askewi,7,50.9,Live,Angelina,
F. askewi,7,40.9,Live,Angelina,
F. askewi,7,59.4,Live,Angelina,
F. askewi,7,61.7,Live,Angelina,
F. askewi,7,43.7,Live,Angelina,
F. askewi,7,35.5,Live,Angelina,
F. askewi,7,40.9,Live,Angelina,
F. askewi,7,45.9,Live,Angelina,
F. askewi,7,29.8,Live,Angelina,
F. askewi,7,25.2,Live,Angelina,
F. askewi,7,29.8,Live,Angelina,
F. askewi,7,45.5,Live,Angelina,
F. askewi,7,32.6,Live,Angelina,
F. askewi,7,39.3,Live,Angelina,
F. askewi,7,59.8,Live,Angelina,
F. askewi,7,40.9,Live,Angelina,
F. askewi,7,31.1,Live,Angelina,
F. askewi,7,36.5,Live,Angelina,
F. askewi,7,28.7,Live,Angelina,
F. askewi,7,53.7,Live,Angelina,
F. askewi,7,58.7,Live,Angelina,
F. askewi,7,45.2,Live,Angelina,
F. askewi,7,26.5,Live,Angelina,
P. riddellii,7,44.8,Live,Angelina,
F. askewi,7,29.1,Live,Angelina,
F. askewi,7,31.1,Live,Angelina,
F. askewi,7,24.8,Live,Angelina,
F. askewi,7,57.2,Live,Angelina,
F. askewi,7,39.3,Live,Angelina,
F. askewi,7,56,Live,Angelina,
F. askewi,7,10,Live,Angelina,
F. askewi,7,55.4,Live,Angelina,
F. askewi,7,41.8,Live,Angelina,
F. askewi,7,32.8,Live,Angelina,
F. askewi,7,61.1,Live,Angelina,
F. askewi,7,30.9,Live,Angelina,
F. askewi,7,40.4,Live,Angelina,
F. askewi,7,41.5,Live,Angelina,
F. askewi,7,43.3,Live,Angelina,
F. askewi,7,40.9,Live,Angelina,
F. askewi,7,42.6,Live,Angelina,
F. askewi,7,36.7,Live,Angelina,
F. askewi,7,28.7,Live,Angelina,
F. askewi,7,39.3,Live,Angelina,
F. askewi,7,55.9,Live,Angelina,
F. askewi,7,26.3,Live,Angelina,
F. askewi,7,47.2,Live,Angelina,
F. askewi,7,41.1,Live,Angelina,
F. askewi,7,45.5,Live,Angelina,
F. askewi,7,51.1,Live,Angelina,
F. askewi,7,29.1,Live,Angelina,
F. askewi,7,56.5,Live,Angelina,
F. askewi,7,36.1,Live,Angelina,
F. askewi,7,59.8,Live,Angelina,
F. askewi,7,52.6,Live,Angelina,
